collaboration,description,difficulty,hours_per_week,number_weeks_months,free,id_course,n_reviews,new,rating,school,skills,title,url,time_range,duration_total_hours
Google,"Built in collaboration with Google, this program will prepare you to become a professional Android developer and allow you to create a diverse portfolio of projects to show employers. By the end of this program, you will be able to use Android development platform best-practices, Android Studio, Android Jetpack, and Kotlin to build your own apps for the world’s most-used mobile platform.
",2,10,4.0,0,nd940,0.0,1,,School of Programming & Development,"Android Development, Kotlin, Android Studio, Gradle, RESTful interfaces, Web APIs, App Architecture, Databases, Custom Views, Notifications, Location Services, Testing, Firebase",Become an Android Kotlin Developer,https://www.udacity.com/course/android-kotlin-developer-nanodegree--nd940,months,160.0
Nutanix,"This Nanodegree program, built in collaboration with experts from Nutanix, a leader in the cutting-edge field of hyperconverged infrastructure software, takes cloud technology and data-center professionals on an in-depth journey into the design, deployment, and management of infrastructure and applications together on the Hybrid Cloud. Master the concepts you need to transform how your IT teams manage applications and support the business.",2,10,3.0,0,nd321,64.0,1,95.9375,School of Cloud Computing,"Hyper-converged infrastructure,  Hybrid Cloud,  Public Cloud,  Private Cloud,  HCI Clusters,  Workload Management,  On premise,  Off premise
",Become a Hybrid Cloud Engineer,https://www.udacity.com/course/hybrid-cloud-engineer-nanodegree--nd321,months,120.0
UiPath,The RPA Developer Nanodegree Program helps students develop professional-level skills focused on developing and deploying software robots. You will learn basic RPA concepts and how to use the UiPath RPA software platform to automate business processes while refreshing basic programming skills along the way.,1,10,4.0,0,nd340,0.0,1,,School of Programming & Development,"Process Automation, Business Operations, UiPath Studio, UiPath Orchestator",Become an RPA Developer,https://www.udacity.com/course/rpa-developer-nanodegree--nd340,months,160.0
Microsoft,"Microsoft Azure is one of the most popular cloud services platforms used by enterprises, making it a crucial tool for cloud computing professionals to add to their skillset. The Developer for Microsoft Azure Nanodegree program teaches students how to deploy, build, migrate, and monitor applications on Azure, thereby preparing learners for success on Microsoft’s AZ-204 Azure Developer Associate Expert certification.",2,10,4.0,0,nd081,0.0,1,,School of Cloud Computing,"Virtual Machines,  App Services,  Microservices,  Serverless Functions,  Cloud Migration",Become a Developer for Microsoft Azure,https://www.udacity.com/course/developer-for-microsoft-azure-nanodegree--nd081,months,160.0
Alteryx,"This course provides business leaders and managers with strategies and guidelines for how best to solve the human capital, technological, and management challenges of building data science into the business. Students will gain skills in identifying opportunities for data science across many functional areas of the business, as well as learn the tools to prioritize and execute on those opportunities as part of a data science initiative.",2,5,4.0,0,nd045,0.0,1,,School of Business,"Business Strategy, Data Science, Data Architecture, Machine Learning, Human Capital",Data Science for Business Leaders,https://www.udacity.com/course/data-science-for-business-leaders--nd045,weeks,20.0
Microsoft,"In this program, students will enhance their skills by building and deploying sophisticated machine learning solutions using popular open source tools and frameworks, and gain practical experience running complex machine learning tasks using the built-in Azure labs accessible inside the Udacity classroom.",2,10,3.0,0,nd00333,70.0,1,92.5714,School of Artificial Intelligence,"Azure Machine Learning, Azure Machine Learning SDK, Automation with Pipelines, Automated ML, Machine Learning Operations
",Become a Machine Learning Engineer for Microsoft Azure,https://www.udacity.com/course/machine-learning-engineer-for-microsoft-azure-nanodegree--nd00333,months,120.0
Microsoft,"Microsoft Azure is one of the most popular cloud services platforms used by enterprises, making it a crucial tool for cloud computing professionals to add to their skillset. The DevOps Engineer for Microsoft Azure Nanodegree program teaches students how to deploy, test, and monitor cloud applications on Azure, thereby preparing learners for success on Microsoft’s AZ-400 DevOps Engineer Expert certification exam.",2,10,3.0,0,nd082,0.0,1,,School of Cloud Computing,"Infrastructure as Code,  Configuration Management,  Agile Planning,  Continuous Integration,  Continuous Delivery,  Test Automation,  Monitoring",Become a DevOps Engineer for Microsoft Azure,https://www.udacity.com/course/devops-engineer-for-microsoft-azure-nanodegree--nd082,months,120.0
"Mercedes-Benz, Nvidia, Uber ATG, DiDi, McLaren","You'll first apply computer vision and deep learning to automotive problems, including detecting lane lines, predicting steering angles, and more. Next, you'll learn sensor fusion, which you'll use to filter data from an array of sensors in order to perceive the environment. Then, you'll work with a team to program Carla, Udacity’s real self-driving car. ",0,15,6.0,0,nd013,1364.0,1,95.0147,School of Autonomous Systems,"Computer Vision, Deep Learning, Sensor Fusion, Localization, Self-Driving Cars",Become a Self-Driving Car Engineer,https://www.udacity.com/course/self-driving-car-engineer-nanodegree--nd013,months,360.0
ThoughtWorks,"Learn how to build products that deliver continuous value to customers using an Agile approach to software development. By the end of this program, students will be able to differentiate between Scrum, Kanban, and XP, create an environment that fosters high performing teams, and manage iteration planning using Agile techniques. Students will also be able to create a release plan for a Minimum Viable Product, create metrics that show project status, and effectively communicate progress both within and outside of the development team.",1,10,3.0,0,nd144,0.0,1,,School of Business,"Agile, Scrum, Kanban, XP, Minimum Viable Product",Agile Software Development,https://www.udacity.com/course/agile-software-development-nanodegree--nd144,months,120.0
,"Perform analysis on data stored in relational and non-relational database systems to power strategic decision-making. Learn to determine, create, and execute SQL and NoSQL queries that manipulate and dissect large scale datasets. Begin by leveraging the power of SQL commands, functions, and data cleaning methodologies to join, aggregate, and clean tables, as well as complete performance tune analysis to provide strategic business recommendations. Finally, apply relational database management techniques to normalize data schemas in order to build the supporting data structures for a social news aggregator.",1,10,2.0,0,nd072,68.0,1,88.5294,School of Data Science,"SQL, PostgreSQL, JOINs, Subqueries, Window Functions, Partitions, Data Cleaning, DDL, DML, Relational and Non-Relational Databases",Learn SQL,https://www.udacity.com/course/learn-sql--nd072,months,80.0
,"The goal of the Intermediate JavaScript Nanodegree program is to prepare students for roles in web development, server-side application development, and desktop development that require a more advanced set of JavaScript skills. This program will also prepare students with the skills required to use JavaScript frameworks like React, Angular, and Vue. ",2,10,3.0,0,nd032,0.0,1,,School of Programming & Development,"Functional Programming, DOM, Data Structures, Asynchronous Programming, Synchronous Programming",Learn Intermediate JavaScript,https://www.udacity.com/course/intermediate-javascript-nanodegree--nd032,months,120.0
Mode,"Learn the programming fundamentals required for a career in data science. By the end of the program, you will be able to use Python, SQL, Command Line, and Git.",1,10,3.0,0,nd104,741.0,1,94.9798,School of Data Science,"Python, Numpy & Pandas, SQL, Git & GitHub",Programming for Data Science with Python,https://www.udacity.com/course/programming-for-data-science-nanodegree--nd104,months,120.0
,"Take your first step toward a career in cybersecurity and learn the skills required to become a security professional with the Introduction to Cybersecurity Nanodegree program. In this program, you will learn how to evaluate, maintain, and monitor the security of computer systems. You’ll also learn how to assess threats, respond to incidents, and implement security controls to reduce risk and meet security compliance goals.",1,10,4.0,0,nd545,0.0,1,,School of Programming & Development,"Threat Assessment, Security Vulnerabilities, Compliance, Governance, Risk, Incident Response",Introduction to Cybersecurity,https://www.udacity.com/course/intro-to-cybersecurity-nanodegree--nd545,months,160.0
Kaggle,"Advance your programming skills and refine your ability to work with messy, complex datasets. You’ll learn to manipulate and prepare data for analysis, and create visualizations for data exploration. Finally, you’ll learn to use your data skills to tell a story with data.",2,10,4.0,0,nd002,2772.0,0,92.215,School of Data Science,"Data Wrangling, Matplotlib, Bootstrapping, Pandas & NumPy, Statistics",Become a Data Analyst,https://www.udacity.com/course/data-analyst-nanodegree--nd002,months,160.0
Google,,2,0,3.0,1,ud899,0.0,0,,School of Programming & Development,"Developing offline-first applications, Understanding Lie-Fi, Service Worker DevTools, IndexedDB, IndexedDB asset caching",Offline Web Applications,https://www.udacity.com/course/offline-web-applications--ud899,",weeks,",
,"Build sustainable profit streams from products. Learn how to identify target markets, buyer personas, and outreach channels to optimize the path to purchase. Begin by synthesizing market and customer data to formulate key buyer personas and the relevant outreach channel mix build. Then, leverage buyer psychology to develop a path to purchase that is optimized for paid conversion. Finally, apply premium value and pricing tactics to create a monetization model that increases the customer lifetime value : customer acquisition cost (LTV : CAC) ratio. ",2,10,1.0,0,nd037-3,0.0,1,,School of Business,"Product Management, Monetization Models, Pricing Strategy, Buyer Personas, Lifetime Value, Customer Acquisition Cost, Pricing Metrics, Growth Strategy",Monetization Strategy Course,https://www.udacity.com/course/monetization-strategy--nd037-3,month,
Facebook,,2,0,2.0,1,ud651,0.0,0,,School of Artificial Intelligence,"R, Exploratory Data Analysis, Data Visualization",Data Analysis with R,https://www.udacity.com/course/data-analysis-with-r--ud651,",months,",
,,2,0,3.0,1,ud711,0.0,0,,School of Programming & Development,"Object Oriented Javascript, Object-oriented programming, Data and functionality, Prototypal inheritance",Object-Oriented JavaScript,https://www.udacity.com/course/object-oriented-javascript--ud711,",weeks,",
Georgia Institute of Technology,,2,0,3.0,1,ud098,0.0,0,,School of Programming & Development,"Operating Systems, Virtual Memory, File Systems, Multithreaded Programming, Networking",GT - Refresher - Advanced OS,https://www.udacity.com/course/gt-refresher-advanced-os--ud098,",weeks,",
,,2,0,3.0,1,ud388,0.0,0,,School of Programming & Development,"Flask, REST APIs, Python",Designing RESTful APIs,https://www.udacity.com/course/designing-restful-apis--ud388,",weeks,",
,"Leverage market data to amplify product development. Learn how to apply data science techniques, data engineering processes, and market experimentation tests to deliver customized product experiences. Begin by leveraging the power of SQL and Tableau to inform product strategy. Then, develop data pipelines and warehousing strategies that prepare data collected from a product for robust analysis. Finally, learn techniques for evaluating the data from live products, including how to design and execute various A/B and multivariate tests to shape the next iteration of a product.",2,10,3.0,0,nd030,57.0,1,88.0702,School of Business,"Data Science, Product Management, Product Design, Data Visualization, User Journey Maps",Become a Data Product Manager,https://www.udacity.com/course/data-product-manager-nanodegree--nd030,months,120.0
,,2,0,4.0,1,ud283,0.0,0,,School of Programming & Development,"Object Oriented Programming, Java, User Interaction",Object Oriented Programming in Java,https://www.udacity.com/course/object-oriented-programming-in-java--ud283,",weeks,",
Google,,1,0,2.0,1,ud610,0.0,0,,School of Programming & Development,"Localization, Google Translator Toolkit, Localization at Google",Localization Essentials,https://www.udacity.com/course/localization-essentials--ud610,",weeks,",
Georgia Institute of Technology,,2,0,0.0,1,ud168,0.0,0,,School of Programming & Development,"Compilers, Semantic Analysis, Syntax Directed Translation, Control Flow Analysis",Compilers: Theory and Practice,https://www.udacity.com/course/compilers-theory-and-practice--ud168,",",
Georgia Institute of Technology,,0,0,7.0,1,ud409,0.0,0,,School of Artificial Intelligence,"Semantic Networks, Common-Sense Reasoning, Logic & Planning, Analogical Reasoning, Visuospatial Reasoning",Knowledge-Based AI: Cognitive Systems,https://www.udacity.com/course/knowledge-based-ai-cognitive-systems--ud409,",weeks,",
," Get ready to analyze, visualize, and interpret data! Thought-provoking examples and chances to combine statistics and programming will keep you engaged and challenged. ",1,0,,1,st101,0.0,0,,School of Programming & Development,"Probability, Descriptive Statistics, Inferential Statistics",Intro to Statistics,https://www.udacity.com/course/intro-to-statistics--st101,months,
,,2,0,2.0,0,ud187,0.0,1,,School of Artificial Intelligence,TensorFlow,Intro to TensorFlow for Deep Learning,https://www.udacity.com/course/intro-to-tensorflow-for-deep-learning--ud187,",months,",
Georgia Institute of Technology,,2,0,4.0,1,ud810,0.0,0,,School of Artificial Intelligence,"Image Processing, Stereo Geometry, Feature Detection & Matching, Object Tracking, Classification & Recognition",Introduction to Computer Vision,https://www.udacity.com/course/introduction-to-computer-vision--ud810,",months,",
Google," Build a cloud-connected Android app, and learn the tools, principles, and best practices of mobile and Android development that you'll apply to your own projects. ",2,0,,1,ud851,0.0,0,,School of Programming & Development,"Android Development, Layouts, Intents, UI",Developing Android Apps,https://www.udacity.com/course/new-android-fundamentals--ud851,hours,
," In this course, you'll learn the fundamentals web development, along with best practices and professional problem-solving techniques using Developer Tools. ",1,0,,1,ud001,0.0,0,,School of Programming & Development,"HTML, CSS, CSS Syntax, HTML Syntax Problem Set",Intro to HTML and CSS,https://www.udacity.com/course/intro-to-html-and-css--ud001,weeks,
TensorFlow Lite,,2,0,2.0,0,ud190,0.0,1,,School of Artificial Intelligence,"TensorFlow Lite, Deep Learning Models, Android, iOS, Linux",Introduction to TensorFlow Lite,https://www.udacity.com/course/intro-to-tensorflow-lite--ud190,",months,",
," This course will introduce you to the basics of AI. Topics include machine learning, probabilistic reasoning, robotics, computer vision, and natural language processing. ",2,0,,1,cs271,0.0,0,,School of Artificial Intelligence,"Artificial Intelligence, Machine Learning, Probability, Logic and Planning, Markov models",Intro to Artificial Intelligence,https://www.udacity.com/course/intro-to-artificial-intelligence--cs271,months,
Google,,2,0,2.0,0,ud9011,0.0,1,,School of Programming & Development,Android Development,Kotlin Bootcamp for Programmers,https://www.udacity.com/course/kotlin-bootcamp-for-programmers--ud9011,",weeks,",
,,2,0,4.0,0,ud1011,0.0,1,,Career Advancement,"Interview practice, Swift, Data structures, Career Advancement",Data Structures & Algorithms in Swift,https://www.udacity.com/course/data-structures-and-algorithms-in-swift--ud1011,",weeks,",
San Jose State University,,1,0,4.0,1,st095,0.0,0,,School of Programming & Development,"Statistical Research Methods, Data Visualization, Distributions, Hypothesis Testing, Regression",Statistics,https://www.udacity.com/course/statistics--st095,",months,",
,,1,0,1.0,1,ud104,0.0,0,,School of Artificial Intelligence,"Linear Algebra, Eigenvectors, Eigenvalues",Eigenvectors and Eigenvalues,https://www.udacity.com/course/eigenvectors-and-eigenvalues--ud104,",weeks,",
," In this course, you'll learn the fundamentals of the Python programming language, along with programming best practices. You’ll learn to represent and store data using Python data types and variables, and use conditionals and loops to control the flow of your programs. You’ll harness the power of complex data structures like lists, sets, dictionaries, and tuples to store collections of related data. You’ll define and document your own custom functions, write scripts, and handle errors. Lastly, you’ll learn to find and use modules in the Python Standard Library and other third-party libraries. ",1,0,,0,ud1110,0.0,1,,School of Programming & Development,,Introduction to Python Programming,https://www.udacity.com/course/introduction-to-python--ud1110,weeks,
,,2,0,1.0,1,ud1038,0.0,0,,School of Programming & Development,"iOS, Image Classification, Core ML",Core ML: Machine Learning for iOS,https://www.udacity.com/course/core-ml--ud1038,",weeks,",
,,3,0,1.0,1,ud206,0.0,0,,School of Programming & Development,,Shell Workshop,https://www.udacity.com/course/shell-workshop--ud206,",days,",
,,1,0,2.0,1,ph100,0.0,0,,School of Programming & Development,"Kinematics, Dynamics, Trigonometry, Periodic Motion, Electricity",Intro to Physics,https://www.udacity.com/course/intro-to-physics--ph100,",months,",
Georgia Institute of Technology,,2,0,16.0,1,ud150,0.0,0,,School of Autonomous Systems,"Database Management Systems, Relational Algebra, Sequential Query Language, Data Indexing, SQL Injection",Database Systems Concepts & Design,https://www.udacity.com/course/database-systems-concepts-design--ud150,",weeks,",
,,1,0,2.0,1,ud256,0.0,0,,School of Programming & Development,"HTTP, Domain Name System, Ping, TCP/IP stack, IP addressing",Networking for Web Developers,https://www.udacity.com/course/networking-for-web-developers--ud256,",weeks,",
,,2,0,1.0,1,ud270,0.0,0,,School of Programming & Development,"Ruby, Sinatra, MVC Design Pattern, Writing organized code",The MVC Pattern in Ruby,https://www.udacity.com/course/the-mvc-pattern-in-ruby--ud270,",weeks,",
,,2,0,1.0,0,ud252,0.0,1,,Career Advancement,"Interview practice, Common FS Questions, Whiteboarding, Career Advancement",Full-Stack Interview Prep,https://www.udacity.com/course/full-stack-interview-prep--ud252,",week,",
Georgia Institute of Technology," Learn how to program all the major systems of a robotic car. Topics include planning, search, localization, tracking, and control. ",0,0,,1,cs373,0.0,0,,School of Artificial Intelligence,"Probabilistic Models, Kalman Filters, Motion Planning, Robot Control, Simultaneous Localization & Mapping",Artificial Intelligence for Robotics,https://www.udacity.com/course/artificial-intelligence-for-robotics--cs373,months,
,,2,0,1.0,0,ud240,0.0,1,,Career Advancement,"Interview practice, Common iOS Questions, Whiteboarding, Career Advancement",iOS Interview Prep,https://www.udacity.com/course/ios-interview-prep--ud240,",week,",
,,1,0,4.0,0,ud667,0.0,1,,School of Programming & Development,WeChat,WeChat Mini Program Development,https://www.udacity.com/course/wechat-mini-programs--ud667,",weeks,",
,,1,0,4.0,1,ud123,0.0,0,,School of Programming & Development,"Git, Version Control, Creating a Git repo, Editing commits",Version Control with Git,https://www.udacity.com/course/version-control-with-git--ud123,",weeks,",
AWS DeepRacer,,2,0,2.0,0,ud014,0.0,1,,School of Artificial Intelligence,"Machine Learning, Reinforcement Learning, AWS DeepRacer",AWS DeepRacer,https://www.udacity.com/course/aws-deepracer--ud014,",weeks,",
Facebook for Developers,,2,0,1.0,1,ud1028,0.0,0,,School of Programming & Development,"Account Kit, Facebook SDK, Graph API",Passwordless Login Solutions for iOS,https://www.udacity.com/course/passwordless-login-solutions-for-ios--ud1028,",weeks,",
Georgia Institute of Technology,,0,0,5.0,1,ud189,0.0,0,,School of Programming & Development,"Operating System Kernels, Virtualization, Distributed Systems, Cloud Computing, Real-Time Operating Systems",Advanced Operating Systems,https://www.udacity.com/course/advanced-operating-systems--ud189,",weeks,",
,,0,0,0.0,1,ud061,0.0,0,,School of Programming & Development,Georgia Institute of Technology,"Computability, Complexity & Algorithms",https://www.udacity.com/course/computability-complexity-algorithms--ud061,",",
Google,,2,0,2.0,0,ud940,0.0,1,,School of Programming & Development,"Kotlin, Android",Advanced Android with Kotlin,https://www.udacity.com/course/advanced-android-with-kotlin--ud940,",months,",
,,2,0,1.0,1,ud303,0.0,0,,School of Programming & Development,"HTTP, Python, Deploying services",HTTP & Web Servers,https://www.udacity.com/course/http-web-servers--ud303,",weeks,",
,,2,0,4.0,1,ud117,0.0,0,,School of Programming & Development,,JavaScript and the DOM,https://www.udacity.com/course/javascript-and-the-dom--ud117,",weeks,",
Georgia Institute of Technology,,0,0,4.0,1,ud281,0.0,0,,School of Programming & Development,"Shared Memory Models, Parallel Algorithms, Distributed Memory Models, Message Passing Interfaces, Hierarchical Memory Models",High Performance Computing,https://www.udacity.com/course/high-performance-computing--ud281,",months,",
Georgia Institute of Technology,,2,0,16.0,1,ud404,0.0,0,,School of Data Science,"R, Data Analysis, Data Visualization, Regression",Data Analysis and Visualization,https://www.udacity.com/course/data-analysis-and-visualization--ud404,",weeks,",
,,3,0,16.0,1,ud199,0.0,0,,School of Programming & Development,Georgia Institute of Technology,Network Security,https://www.udacity.com/course/network-security--ud199,",weeks,",
,,2,0,3.0,1,ud171,0.0,0,,School of Programming & Development,"User Input, Producing templated output, Databases and data stores, Secure user account systems",Intro to Backend,https://www.udacity.com/course/intro-to-backend--ud171,",weeks,",
Nutanix,,0,0,3.0,1,ud611,0.0,0,,School of Programming & Development,"DevOps, CAMS principles, Continuous Integration, Delivery workflows",Intro to DevOps,https://www.udacity.com/course/intro-to-devops--ud611,",weeks,",
Google,,2,0,2.0,1,ud864,0.0,0,,School of Programming & Development,"Google Maps APIs, Static Maps, Street View imagery, monitoring API usage",Google Maps APIs,https://www.udacity.com/course/google-maps-apis--ud864,",weeks,",
Grow With Google,,1,0,1.0,0,ud242,0.0,1,,Career Advancement,"Personal branding, LinkedIn, Networking, Career Advancement",Strengthen Your LinkedIn Network & Brand,https://www.udacity.com/course/strengthen-your-linkedin-network-and-brand--ud242,",week,",
,,0,0,3.0,1,ud607,0.0,0,,School of Programming & Development,"iOS, Ideation and Research, UI, App Store",How to Make an iOS App,https://www.udacity.com/course/how-to-make-an-ios-app--ud607,",months,",
,,1,0,1.0,0,ud034,0.0,1,,Career Advancement,"Product Management, Interview Preparation, Career Advancement, Product Strategy, Technical Interview",Product Manager Interview Preparation,https://www.udacity.com/course/product-manager-interview-preparation--ud034,",week,",
Upwork,,1,0,1.0,0,ud942,0.0,1,,School of Business,"Team Management, Workforce Training, Business Strategy, Agile Management, Remote Work",Managing Remote Teams with Upwork,https://www.udacity.com/course/managing-remote-teams-with-upwork--ud942,",hour,",
Google,,2,0,4.0,1,ud862,0.0,0,,School of Programming & Development,"Android Development, Material Design, Surfaces, Graphic Design",Material Design for Android Developers,https://www.udacity.com/course/material-design-for-android-developers--ud862,",weeks,",
," This class will teach you the end-to-end process of investigating data through a machine learning lens. Learn online, with Udacity. ",2,0,,1,ud120,0.0,0,,School of Artificial Intelligence,"Machine Learning, Supervised Learning, Unsupervised Learning, Evaluation Metrics, Data Manipulation",Introduction to Machine Learning Course,https://www.udacity.com/course/intro-to-machine-learning--ud120,weeks,
San Jose State University,,1,0,4.0,1,ps001,0.0,0,,School of Programming & Development,"Pyschology, Research Methods, Biology",Intro to Psychology,https://www.udacity.com/course/intro-to-psychology--ps001,",months,",
Amazon Appstore for Android,,1,0,3.0,1,ud407,0.0,0,,School of Programming & Development,"Game Development, Monetization, Engagement",Engagement & Monetization | Mobile Games,https://www.udacity.com/course/engagement-monetization-mobile-games--ud407,",weeks,",
,,3,0,1.0,1,ud357,0.0,0,,School of Programming & Development,Facebook for Developers,Passwordless Login Solutions for Android,https://www.udacity.com/course/passwordless-login-solutions-for-android--ud357,",weeks,",
Facebook for Developers,,2,0,2.0,1,ud358,0.0,0,,School of Programming & Development,"Android, Mobile Design, Usability",Mobile Design and Usability for Android,https://www.udacity.com/course/mobile-design-and-usability-for-android--ud358,",weeks,",
,,3,0,4.0,1,ud600,0.0,0,,School of Artificial Intelligence,Georgia Institute of Technology,Reinforcement Learning,https://www.udacity.com/course/reinforcement-learning--ud600,",months,",
Google,,2,0,3.0,1,ud806,0.0,0,,School of Business,"Entrepreneurship, Bootstrapping",Get Your Startup Started,https://www.udacity.com/course/get-your-startup-started--ud806,",weeks,",
,,3,0,1.0,1,ud299,0.0,0,,School of Programming & Development,,Configuring Linux Web Servers,https://www.udacity.com/course/configuring-linux-web-servers--ud299,",weeks,",
Google,,2,0,2.0,1,ud354,0.0,0,,School of Programming & Development,"Android Development, Firebase, Analytics",Firebase Analytics: Android,https://www.udacity.com/course/firebase-analytics-android--ud354,",days,",
,,2,0,3.0,1,ud210,0.0,0,,School of Programming & Development,"Pointers and Arrays, Control Flow, Object Oriented Programming, C++ Templates, C++ Standard Library",C++ For Programmers,https://www.udacity.com/course/c-for-programmers--ud210,",weeks,",
Grow With Google,,2,0,1.0,0,ud251,0.0,1,,Career Advancement,"Interview practice, Common VR Questions, Whiteboarding, Career Advancement",VR Interview Prep,https://www.udacity.com/course/vr-interview-prep--ud251,",week,",
," Take your first steps towards becoming a Java developer! Learn Java syntax and create conditional statements, loops, and functions. ",1,0,,1,ud282,0.0,0,,School of Programming & Development,"Java Programming, Java Syntax, Java Functions, Loops",Java Programming Basics,https://www.udacity.com/course/java-programming-basics--ud282,weeks,
,,0,0,2.0,1,cs387,0.0,0,,School of Programming & Development,"Cryptography, Ciphers, Encryption",Applied Cryptography,https://www.udacity.com/course/applied-cryptography--cs387,",months,",
Insight,,2,0,10.0,0,ud2002,0.0,1,,School of Data Science,"Spark, SparkSQL, Spark Dataframes, Data Wrangling, Machine Learning",Spark,https://www.udacity.com/course/learn-spark-at-udacity--ud2002,",hours,",
Salesforce,,1,0,1.0,1,ud162,0.0,0,,School of Programming & Development,"Salesforce App Development, Schema Building, Data Modeling",Intro to Point & Click App Development,https://www.udacity.com/course/intro-to-point-click-app-development--ud162,",months,",
Google,,2,0,2.0,1,ud0351,0.0,0,,School of Programming & Development,Android Development,Firebase in a Weekend: iOS,https://www.udacity.com/course/firebase-in-a-weekend-by-google-ios--ud0351,",days,",
Georgia Institute of Technology,,2,0,16.0,1,ud169,0.0,0,,School of Programming & Development,"VLIW Architecture, Compilers for Embedded Systems, Differential Register Allocation, Network Processors, Multithreaded Processing",Embedded Systems,https://www.udacity.com/course/embedded-systems--ud169,",weeks,",
,,2,0,1.0,1,ud272,0.0,0,,School of Programming & Development,"App Deployment, Heroku",Deploying Applications with Heroku,https://www.udacity.com/course/deploying-applications-with-heroku--ud272,",weeks,",
Facebook AI,,2,0,2.0,0,ud188,0.0,1,,School of Artificial Intelligence,"Deep Learning, PyTorch, Neural Networks, CNNs, LSTMs, Style Transfer",Intro to Deep Learning with PyTorch,https://www.udacity.com/course/deep-learning-pytorch--ud188,",months,",
,,2,0,3.0,1,ud109,0.0,0,,School of Programming & Development,"Asynchronous Data Retrieval, Ajax with XHR, Ajax with jQuery, Ajax with Fetch",Asynchronous JavaScript Requests,https://www.udacity.com/course/asynchronous-javascript-requests--ud109,",weeks,",
,,1,0,2.0,1,ud201,0.0,0,,School of Data Science,"Inferential Statistics, Hypothesis Testing, T-tests, ANOVA",Intro to Inferential Statistics,https://www.udacity.com/course/intro-to-inferential-statistics--ud201,",months,",
Grow With Google,,1,0,2.0,0,ud243,0.0,1,,Career Advancement,"Resume writing, Company targeting, Storytelling, Career Advancement",Refresh Your Resume,https://www.udacity.com/course/refresh-your-resume--ud243,",days,",
," This class will give you an introduction to the design and analysis of algorithms, enabling you to analyze networks and discover how individuals are connected. ",2,0,,1,cs215,0.0,0,,School of Programming & Development,"Algorithms, Social Networks, Graph Algorithms",Intro to Algorithms,https://www.udacity.com/course/intro-to-algorithms--cs215,months,
,,2,0,2.0,1,ud110,0.0,0,,School of Programming & Development,"Asynchronous requests with JavaScript, Data APIs, Web Applications, Site Customization",Intro to AJAX,https://www.udacity.com/course/intro-to-ajax--ud110,",weeks,",
,,0,0,4.0,1,ud356,0.0,0,,School of Programming & Development,"JavaScript, ES6, Syntax, Functions",ES6 - JavaScript Improved,https://www.udacity.com/course/es6-javascript-improved--ud356,",weeks,",
Baidu,,1,0,4.0,0,ud0419,0.0,1,,School of Autonomous Systems,"Apollo HD Map, Localization, Perception, Prediction, Planning, Control",Self-Driving Fundamentals: Featuring Apollo ,https://www.udacity.com/course/self-driving-car-fundamentals-featuring-apollo--ud0419,",weeks,",
,,2,0,4.0,1,ud197,0.0,0,,School of Programming & Development,"Rational databases, SQL, Python API, Python DB-API, Select and insert statements",Intro to Relational Databases,https://www.udacity.com/course/intro-to-relational-databases--ud197,",weeks,",
,,2,0,2.0,1,cs262,0.0,0,,School of Programming & Development,"Introduciton to Programming Languages, Validate and Process Strings, HTML and JavaScript, Build your own web browser",Programming Languages,https://www.udacity.com/course/programming-languages--cs262,",months,",
,,2,0,2.0,1,cs222,0.0,0,,School of Autonomous Systems,"Math, Differential Equations",Differential Equations in Action,https://www.udacity.com/course/differential-equations-in-action--cs222,",months,",
Facebook for Developers,,2,0,2.0,1,ud1034,0.0,0,,School of Programming & Development,"Product Design, Prototyping",Mobile Design and Usability for iOS,https://www.udacity.com/course/mobile-design-and-usability-for-ios--ud1034,",weeks,",
,,2,0,3.0,1,ud1000,0.0,0,,School of Programming & Development,"Data Analysis, Hadoop, MapReduce",Deploying a Hadoop Cluster,https://www.udacity.com/course/deploying-a-hadoop-cluster--ud1000,",weeks,",
,,2,0,2.0,1,cs259,0.0,0,,School of Programming & Development,"Debugging, Python, Automated Debugging",Software Debugging,https://www.udacity.com/course/software-debugging--cs259,",months,",
,,2,0,2.0,1,ud1031,0.0,0,,School of Programming & Development,"Swift Package Manager, MySQL, Docker, Terraform, Microservices",Server-Side Swift,https://www.udacity.com/course/server-side-swift--ud1031,",weeks,",
Google,,2,0,2.0,1,ud0352,0.0,0,,School of Programming & Development,Android Development,Firebase in a Weekend: Android,https://www.udacity.com/course/firebase-in-a-weekend-by-google-android--ud0352,",days,",
, Learn to use Structured Query Language (SQL) to extract and analyze data stored in databases ,1,0,,0,ud198,0.0,1,,School of Data Science,Mode,SQL for Data Analysis,https://www.udacity.com/course/sql-for-data-analysis--ud198,weeks,
,,1,0,7.0,1,ud1025,0.0,0,,School of Programming & Development,"Variables and Constants, Strings, Control Flow, Functions",Swift for Developers,https://www.udacity.com/course/swift-for-developers--ud1025,",days,",
,,2,0,1.0,1,ep245,0.0,0,,School of Business,"Entrepreneurship, Value Proposition, Revenue Models, Customer Segments",How to Build a Startup,https://www.udacity.com/course/how-to-build-a-startup--ep245,",months,",
,,2,0,1.0,0,ud250,0.0,1,,Career Advancement,"Interview questions, Common FE Questions, Whiteboarding, Career Advancement",Front-End Interview Prep,https://www.udacity.com/course/front-end-interview-prep--ud250,",week,",
,,0,0,2.0,1,cs212,0.0,0,,School of Programming & Development,"Computer Program Design, Python, Design Process",Design of Computer Programs,https://www.udacity.com/course/design-of-computer-programs--cs212,",months,",
,,2,0,2.0,1,cs313,0.0,0,,School of Programming & Development,"theoretical computer science, NP-completeness, Recognizing algorithmic problems, Solving algorithmic problems",Intro to Theoretical Computer Science,https://www.udacity.com/course/intro-to-theoretical-computer-science--cs313,",months,",
,,2,0,6.0,1,ud1026,0.0,0,,School of Programming & Development,"Design, UI, Stack Views, Constraints",AutoLayout,https://www.udacity.com/course/auto-layout--ud1026,",days,",
,,2,0,1.0,0,ud1001,0.0,1,,Career Advancement,"Interview practice, Machine Learning, Career Advancement",Machine Learning Interview Preparation,https://www.udacity.com/course/machine-learning-interview-prep--ud1001,",week,",
MongoDB,,2,0,2.0,1,ud032,0.0,0,,School of Programming & Development,"Gathering Data, Assessing Data, Cleaning Data, Data Wrangling, MongoDB",Data Wrangling with MongoDB,https://www.udacity.com/course/data-wrangling-with-mongodb--ud032,",months,",
Georgia Institute of Technology,,0,0,0.0,1,ud007,0.0,0,,School of Programming & Development,"Processor Pipelining, Branch Prediction, Instruction Scheduling, Memory Ordering, Multiprocessor Architectures",High Performance Computer Architecture,https://www.udacity.com/course/high-performance-computer-architecture--ud007,",",
Amazon Web Services,,2,0,3.0,1,ud088,0.0,0,,School of Programming & Development,"Flask, CRUD, Model-View-Controller, Python, Object-relational Mapping",Full Stack Foundations,https://www.udacity.com/course/full-stack-foundations--ud088,",weeks,",
Autodesk,,2,0,2.0,1,cs291,0.0,0,,School of Programming & Development,"Animated 3D Demo Program, Computer Image Generation, Programming Vertex and Pixel Shaders",Interactive 3D Graphics,https://www.udacity.com/course/interactive-3d-graphics--cs291,",months,",
,,2,0,1.0,1,cs258,0.0,0,,School of Programming & Development,"Software Testing, Debugging, Code Coverage",Software Testing,https://www.udacity.com/course/software-testing--cs258,",months,",
"Venmo, Lyft",,2,0,5.0,1,ud1009,0.0,0,,School of Programming & Development,"iOS, Swift, Objective-C, Control Flow Syntax",Objective-C for Swift Developers,https://www.udacity.com/course/objective-c-for-swift-developers--ud1009,",weeks,",
Google VR,,1,0,2.0,1,ud1012,0.0,0,,School of Programming & Development,"VR development, Unity, Google VR SDK for Unity, General understanding of how VR works, Deploying to Android and iOS",Introduction to Virtual Reality,https://www.udacity.com/course/introduction-to-virtual-reality--ud1012,",weeks,",
,,2,0,3.0,1,ud979,0.0,0,,School of Business,"A/B Randomized Design Tests, A/B Matched Pair Design Tests",A/B Testing for Business Analysts,https://www.udacity.com/course/ab-testing--ud979,",weeks,",
,,1,0,7.0,1,ud1022,0.0,0,,School of Programming & Development,"Variables and Constants, Strings, Control Flow, Functions",Swift for Beginners,https://www.udacity.com/course/swift-for-beginners--ud1022,",days,",
,,2,0,2.0,1,ud576,0.0,0,,School of Programming & Development,"Closures, GCD",Grand Central Dispatch (GCD),https://www.udacity.com/course/grand-central-dispatch-gcd--ud576,",weeks,",
,,1,0,2.0,1,ud292,0.0,0,,School of Programming & Development,"HTML5 Canvas, Canvas2D, Creating animation",HTML5 Canvas,https://www.udacity.com/course/html5-canvas--ud292,",weeks,",
,,2,0,2.0,1,ud549,0.0,0,,School of Programming & Development,"Javascript Apps, Jasmine testing framework, red-green-refactor workflow",JavaScript Testing,https://www.udacity.com/course/javascript-testing--ud549,",weeks,",
,,3,0,1.0,1,ud257,0.0,0,,School of Artificial Intelligence,Google,A/B Testing,https://www.udacity.com/course/ab-testing--ud257,",months,",
Amazon Appstore for Android,,2,0,8.0,1,ud406,0.0,0,,School of Programming & Development,"LibGDX, Game Development, Asset management",How to Make a Platformer Using libGDX,https://www.udacity.com/course/how-to-make-a-platformer-using-libgdx--ud406,",weeks,",
,,2,0,2.0,1,ud268,0.0,0,,School of Programming & Development,"Ruby, Sinatra, Building web applications",Dynamic Web Applications with Sinatra,https://www.udacity.com/course/dynamic-web-applications-with-sinatra--ud268,",weeks,",
," Learn the fundamentals of JavaScript, the most popular programming language in web development. ",1,0,,1,ud803,0.0,0,,School of Programming & Development,"JavaScript, Conditionals, Loops, Data Types & Variables",Intro to JavaScript,https://www.udacity.com/course/intro-to-javascript--ud803,weeks,
,,0,0,3.0,1,ud401,0.0,0,,School of Programming & Development,Georgia Institute of Technology,Introduction to Graduate Algorithms,https://www.udacity.com/course/introduction-to-graduate-algorithms--ud401,",months,",
Twitter,,2,0,2.0,1,ud381,0.0,0,,School of Artificial Intelligence,"Data Analysis, Real-time Analytics, Apache Storm",Real-Time Analytics with Apache Storm,https://www.udacity.com/course/real-time-analytics-with-apache-storm--ud381,",weeks,",
Cloudera,,2,0,1.0,1,ud617,0.0,0,,School of Artificial Intelligence,"Big Data, Hadoop, MapReduce",Intro to Hadoop and MapReduce,https://www.udacity.com/course/intro-to-hadoop-and-mapreduce--ud617,",months,",
,,2,0,2.0,1,ud245,0.0,0,,School of Programming & Development,"jQuery, DOM Structure, Reading jQuery documentation, Modify HTML attributes and content",Intro to jQuery,https://www.udacity.com/course/intro-to-jquery--ud245,",days,",
Georgia Institute of Technology,,2,0,16.0,1,ud279,0.0,0,,School of Programming & Development,"Industrial Networks, Industrial Control Systems, Smart Grid Infrastructure, Cyber Security, Privacy",Cyber-Physical Systems Security,https://www.udacity.com/course/cyber-physical-systems-security--ud279,",weeks,",
Amazon Appstore for Android,,2,0,8.0,1,ud405,0.0,0,,School of Programming & Development,"LibGDX, Game Development, 2D",2D Game Development with libGDX,https://www.udacity.com/course/2d-game-development-with-libgdx--ud405,",weeks,",
Google,,2,0,1.0,1,ud353,0.0,0,,School of Programming & Development,"Android Development, Firebase Analytics, Firebase Crash Reporting, Firebase Remote Config, Firebase Dynamic Links",Firebase Analytics: iOS,https://www.udacity.com/course/firebase-analytics-ios--ud353,",days,",
Georgia Institute of Technology,,2,0,16.0,1,ud400,0.0,0,,School of Programming & Development,"Design Principles, Direct Manipulation Interfaces, Mental Models, Distributed Cognition, Prototyping",Human-Computer Interaction,https://www.udacity.com/course/human-computer-interaction--ud400,",weeks,",
Georgia Institute of Technology,,2,0,4.0,1,ud262,0.0,0,,School of Artificial Intelligence,"Supervised Learning, Unsupervised Learning, Information Theory, Reinforcement Learning, Game Theory",Machine Learning,https://www.udacity.com/course/machine-learning--ud262,",months,",
Grow With Google,,2,0,1.0,0,ud241,0.0,1,,Career Advancement,"Interview practice, Common Android Questions, Whiteboarding",Android Interview Prep,https://www.udacity.com/course/android-interview-prep--ud241,",week,",
Georgia Institute of Technology,,2,0,16.0,1,ud333,0.0,0,,School of Programming & Development,"Software Testing, Debugging, Dataflow Analysis, Constraint-based Analysis, Symbolic Execution",Software Analysis & Testing,https://www.udacity.com/course/software-analysis-testing--ud333,",weeks,",
Georgia Institute of Technology,,2,0,4.0,1,ud501,0.0,0,,School of Artificial Intelligence,"Pandas, Time Series Analysis, Computational Investing, Algorithmic Trading, Reinforcement Learning for Trading",Machine Learning for Trading,https://www.udacity.com/course/machine-learning-for-trading--ud501,",months,",
Georgia Institute of Technology,,2,0,3.0,1,ud436,0.0,0,,School of Programming & Development,"Software-Defined Networking, Data Center Networking, Content Distribution, Congestion Control, Traffic Shaping",Computer Networking,https://www.udacity.com/course/computer-networking--ud436,",months,",
," Explore a variety of datasets, posing and answering your own questions about each. You'll be using the Python libraries NumPy, Pandas, and Matplotlib. ",1,0,,1,ud170,0.0,0,,School of Data Science,"Data Analysis, Python, numpy, pandas",Intro to Data Analysis,https://www.udacity.com/course/intro-to-data-analysis--ud170,weeks,
,,0,0,2.0,1,ud325,0.0,0,,School of Programming & Development,"Data Persistence, Core Data, UserDefaults, FileManager",iOS Persistence and Core Data,https://www.udacity.com/course/ios-persistence-and-core-data--ud325,",months,",
,,1,0,3.0,1,ud777,0.0,0,,School of Programming & Development,"README, Markdown, Making code easier to read",Writing READMEs,https://www.udacity.com/course/writing-readmes--ud777,",days,",
Google,,2,0,2.0,1,ud811,0.0,0,,School of Programming & Development,"Progressive Web Apps, Service Workers, Web App Manifest, Offline apps",Intro to Progressive Web Apps,https://www.udacity.com/course/intro-to-progressive-web-apps--ud811,",weeks,",
Zipfian,,2,0,7.0,1,ud507,0.0,0,,School of Artificial Intelligence,"d3.js, Design of Visualizations, Data Visualization, Visual Encodings",Data Visualization and D3.js,https://www.udacity.com/course/data-visualization-and-d3js--ud507,",weeks,",
,,1,0,3.0,1,ud1006,0.0,0,,School of Programming & Development,"Tableau, Design of Visualizations, Visual Encodings",Data Visualization in Tableau,https://www.udacity.com/course/data-visualization-in-tableau--ud1006,",weeks,",
,,2,0,2.0,1,ud359,0.0,0,,School of Data Science,"Data Analysis Process, pandas (Python package), MapReduce paradigm",Intro to Data Science,https://www.udacity.com/course/intro-to-data-science--ud359,",months,",
AT&T,,0,0,8.0,1,ud919,0.0,0,,School of Artificial Intelligence,"Questioning, Modeling, Validation, Data Analysis, QMV Process",Model Building and Validation,https://www.udacity.com/course/model-building-and-validation--ud919,",weeks,",
,,0,0,2.0,0,ud185,0.0,1,,School of Artificial Intelligence,Facebook AI,Secure and Private AI,https://www.udacity.com/course/secure-and-private-ai--ud185,",months,",
,,0,0,1.0,1,ud888,0.0,0,,School of Programming & Development,"Kotlin, Android",Kotlin for Android Developers,https://www.udacity.com/course/kotlin-for-android-developers--ud888,",weeks,",
Google,,1,0,6.0,1,ud849,0.0,0,,School of Programming & Development,"Android, UX Design, User-Centered Design",UX Design for Mobile Developers,https://www.udacity.com/course/ux-design-for-mobile-developers--ud849,",weeks,",
,,2,0,3.0,1,ud902,0.0,0,,School of Programming & Development,"Variables and Constants, Control Flow, Functions, Optionals, OOP",Learn Swift Programming Syntax,https://www.udacity.com/course/learn-swift-programming-syntax--ud902,",weeks,",
Georgia Institute of Technology,,2,0,3.0,1,ud805,0.0,0,,School of Programming & Development,"Software Development Life Cycle, Requirements Engineering, Design Patterns, Black-Box & White-Box Testing, Agile Development Methodology",Software Development Process,https://www.udacity.com/course/software-development-process--ud805,",months,",
Georgia Institute of Technology,,2,0,4.0,1,ud954,0.0,0,,School of Artificial Intelligence,"Artificial Intelligence, Probability, Bayesian Networks, Logic and Planning, Machine Learning",Artificial Intelligence,https://www.udacity.com/course/artificial-intelligence--ud954,",months,",
,,2,0,1.0,0,ud132,0.0,1,,School of Artificial Intelligence,"Edge AI, Intel OpenVINO, Computer Vision, Deep Learning",Intel® Edge AI Fundamentals with OpenVINO™,https://www.udacity.com/course/intel-edge-AI-fundamentals-with-openvino--ud132,",month,",
Google,,2,0,2.0,0,ud9012,0.0,1,,School of Programming & Development,Android Development,Developing Android Apps with Kotlin,https://www.udacity.com/course/developing-android-apps-with-kotlin--ud9012,",months,",
Google,,2,0,1.0,1,ud615,0.0,0,,School of Programming & Development,"Microservices, Docker, Kubernetes, Deploying Microservices",Scalable Microservices with Kubernetes,https://www.udacity.com/course/scalable-microservices-with-kubernetes--ud615,",months,",
Google,,1,0,8.0,1,ud845,0.0,0,,School of Programming & Development,"Android Development, SQLite, ContentProvider, CursorAdapter & CursorLoader, Database, Design",Android Basics: Data Storage,https://www.udacity.com/course/android-basics-data-storage--ud845,",weeks,",
Google,,0,0,1.0,1,ud860,0.0,0,,School of Programming & Development,"Browser Rendering Response, Animation, Idle and Load (RAIL), Optimizing JavaScript, How to debug an app",Browser Rendering Optimization,https://www.udacity.com/course/browser-rendering-optimization--ud860,",months,",
Google,,0,0,2.0,1,ud891,0.0,0,,School of Programming & Development,"Accessibility, Screen Readers, Focus, Semantics, ARIA",Web Accessibility,https://www.udacity.com/course/web-accessibility--ud891,",weeks,",
Google,,1,0,5.0,1,ud843,0.0,0,,School of Programming & Development,"Android Development, JSON Parsing, HTTP Networking, Threads and Parallelism, Control Flow and Conditionals, Preferences",Android Basics: Networking,https://www.udacity.com/course/android-basics-networking--ud843,",weeks,",
Georgia Institute of Technology,,2,0,2.0,1,ud923,0.0,0,,School of Programming & Development,"Processes & Threads, Memory Management, Inter-Process Communication, Resource Virtualization, Distributed File Systems",Introduction to Operating Systems,https://www.udacity.com/course/introduction-to-operating-systems--ud923,",months,",
,,2,0,1.0,0,ud944,0.0,1,,Career Advancement,"Interview practice, Common Data Questions, Data Structures, Career Advancement",Data Science Interview Prep,https://www.udacity.com/course/data-science-interview-prep--ud944,",week,",
,,1,0,2.0,1,ud827,0.0,0,,School of Artificial Intelligence,"Descriptive Statistics, Estimation, Central Limit Theorem",Intro to Descriptive Statistics,https://www.udacity.com/course/intro-to-descriptive-statistics--ud827,",months,",
,,2,0,1.0,1,ud585,0.0,0,,School of Programming & Development,"Swift, UIKit, AVFoundation",Intro to iOS App Development with Swift,https://www.udacity.com/course/intro-to-ios-app-development-with-swift--ud585,",months,",
,,2,0,2.0,1,ud330,0.0,0,,School of Programming & Development,"Flask, OAuth 2.0, Authentication & Authorization, Python",Authentication & Authorization: OAuth,https://www.udacity.com/course/authentication-authorization-oauth--ud330,",weeks,",
,,1,0,1.0,0,ud244,0.0,1,,Career Advancement,"Creating a narrative, Targeting your pitch, Communicating value, Career Advancement",Craft Your Cover Letter,https://www.udacity.com/course/craft-your-cover-letter--ud244,",day,",
Georgia Institute of Technology,,2,0,0.0,1,ud459,0.0,0,,School of Programming & Development,"Software Security, Cryptography, Network Security, Privacy, Public Policy",Intro to Information Security,https://www.udacity.com/course/intro-to-information-security--ud459,",",
Google,,2,0,1.0,1,ud518,0.0,0,,School of Business,"Product Design, Google Analytics",App Monetization,https://www.udacity.com/course/app-monetization--ud518,",months,",
Georgia Institute of Technology,,2,0,2.0,1,ud821,0.0,0,,School of Programming & Development,"Unified Modeling Language, Object Constraint Language, Software Architecture, Software Design, Code Review",Software Architecture & Design,https://www.udacity.com/course/software-architecture-design--ud821,",months,",
Google,,0,0,6.0,1,ud855,0.0,0,,School of Programming & Development,"Android Development, Fragments, Libraries, Firebase, Espresso",Advanced Android App Development,https://www.udacity.com/course/advanced-android-app-development--ud855,",weeks,",
Georgia Institute of Technology,,2,0,0.0,1,ud758,0.0,0,,School of Artificial Intelligence,"Data Analytics, Health Care Applications, Algorithms",Big Data Analytics in Healthcare,https://www.udacity.com/course/big-data-analytics-in-healthcare--ud758,",",
Google,,2,0,2.0,1,ud890,0.0,0,,School of Programming & Development,"Research HTML5 input types, Datalist input, User input validation with HTML5 attributes, Validate user input using JavaScript, Optimizing forms",Building High Conversion Web Forms,https://www.udacity.com/course/building-high-conversion-web-forms--ud890,",weeks,",
Google,,0,0,5.0,1,ud897,0.0,0,,School of Programming & Development,"HTTP request and response cycle, HTTP headers and verbs, HTTP/1 and HTTP/2 capabilities, HTTPS, Client-Server Communication",Client-Server Communication,https://www.udacity.com/course/client-server-communication--ud897,",weeks,",
Google,,2,0,2.0,1,ud719,0.0,0,,School of Business,"App Marketing, User Segmentation, Customer Acquisition",App Marketing,https://www.udacity.com/course/app-marketing--ud719,",weeks,",
,,2,0,3.0,1,ud980,0.0,0,,School of Business,"Time Series Forecasting, ETS Models, ARIMA Models",Time Series Forecasting,https://www.udacity.com/course/time-series-forecasting--ud980,",weeks,",
,,2,0,2.0,1,ud788,0.0,0,,School of Programming & Development,"AutoLayout, Navigation, Table Views, Collection Views",UIKit Fundamentals,https://www.udacity.com/course/uikit-fundamentals--ud788,",months,",
Google, Learn how to design your first layout in Android! This is the first course in the Android Basics Nanodegree program. ,1,0,,1,ud834,0.0,0,,School of Programming & Development,"Android Development, Building Layouts, Android Studio, Views and ViewGroups, Styling",Android Basics: User Interface,https://www.udacity.com/course/android-basics-user-interface--ud834,weeks,
,,1,0,1.0,0,ud994,0.0,1,,School of Programming & Development,,What is Programming?,https://www.udacity.com/course/what-is-programming--ud994,",day,",
Google, Learn from experts at Google how to use Flutter to craft high-quality native interfaces on iOS and Android devices in record time. ,2,0,,0,ud905,0.0,1,,School of Programming & Development,Android Development,Build Native Mobile Apps with Flutter,https://www.udacity.com/course/build-native-mobile-apps-with-flutter--ud905,weeks,
"Gradle, Google",,0,0,6.0,1,ud867,0.0,0,,School of Programming & Development,"Android Development, Gradle, Java",Gradle for Android and Java,https://www.udacity.com/course/gradle-for-android-and-java--ud867,",weeks,",
Google,,0,0,3.0,1,ud898,0.0,0,,School of Programming & Development,"Native JavaScript Promises, Asynchronous code, Advanced error handling, Generating sequences of async work",JavaScript Promises,https://www.udacity.com/course/javascript-promises--ud898,",weeks,",
Georgia Institute of Technology,,2,0,1.0,1,ud741,0.0,0,,School of Artificial Intelligence,"Randomized Optimization, Clustering, Feature Selection, Feature Transformation, Information Theory",Machine Learning: Unsupervised Learning,https://www.udacity.com/course/machine-learning-unsupervised-learning--ud741,",months,",
,,2,0,3.0,1,ud981,0.0,0,,School of Business,"Variable Reduction, Clustering Models design",Segmentation and Clustering,https://www.udacity.com/course/segmentation-and-clustering--ud981,",weeks,",
Google,,0,0,4.0,1,ud825,0.0,0,,School of Programming & Development,"Android Development, Performance, Optimization",Android Performance,https://www.udacity.com/course/android-performance--ud825,",weeks,",
,,0,0,3.0,1,ud774,0.0,0,,School of Programming & Development,"Debugging, LLDB",Xcode Debugging,https://www.udacity.com/course/xcode-debugging--ud774,",weeks,",
Google,,2,0,2.0,1,ud882,0.0,0,,School of Programming & Development,"Responsive Images, Mobile Image debugging, Creating responsive graphics",Responsive Images,https://www.udacity.com/course/responsive-images--ud882,",weeks,",
Google,,1,0,4.0,1,ud836,0.0,0,,School of Programming & Development,"Android Development, Java, Object Oriented Programming, Conditional Code, Methods, Variables",Android Basics: User Input,https://www.udacity.com/course/android-basics-user-input--ud836,",weeks,",
Google," Learn product validation, UI/UX practices, Google’s Design Sprint and the process for setting and tracking actionable metrics. ",2,0,,1,ud509,0.0,0,,School of Business,"Product Design, Design Sprints, Ideation and Validation, UI/UX",Product Design,https://www.udacity.com/course/product-design--ud509,months,
,,0,0,6.0,1,ud989,0.0,0,,School of Programming & Development,"Separating concerns, Code organization, Using an Organizational Library, KnockoutJS",JavaScript Design Patterns,https://www.udacity.com/course/javascript-design-patterns--ud989,",weeks,",
,,2,0,4.0,1,ud953,0.0,0,,School of Artificial Intelligence,"Algebra, Python, Vectors, Intersections",Linear Algebra Refresher Course,https://www.udacity.com/course/linear-algebra-refresher-course--ud953,",months,",
,,0,0,3.0,1,ud421,0.0,0,,School of Programming & Development,"Networking, URLSession, JSON Parsing",iOS Networking with Swift,https://www.udacity.com/course/ios-networking-with-swift--ud421,",months,",
Alteryx,,1,0,2.0,1,ud976,0.0,0,,School of Business,Linear Regression,Problem Solving with Advanced Analytics,https://www.udacity.com/course/problem-solving-with-advanced-analytics--ud976,",weeks,",
Alteryx,,2,0,2.0,1,ud978,0.0,0,,School of Business,"Binary Classication Models, Non-Binary Classification Models",Classification Models,https://www.udacity.com/course/classification-models--ud978,",weeks,",
Google,,1,0,2.0,1,ud839,0.0,0,,School of Programming & Development,"Android Development, Intents and Activities, Data, Loops and Custom Classes, Images and Visual Polish, Audio and Libraries",Android Basics: Multiscreen Apps,https://www.udacity.com/course/android-basics-multiscreen-apps--ud839,",months,",
Alteryx,,1,0,2.0,1,ud977,0.0,0,,School of Business,"Data Issues, Data Formatting, Data Blending",Creating an Analytical Dataset,https://www.udacity.com/course/creating-an-analytical-dataset--ud977,",weeks,",
Google,,2,0,1.0,1,ud884,0.0,0,,School of Programming & Development,"Chrome Developer Tools, DOM and CSSOM, Critical Rendering Path HTML, CSS and JavaScript optimizations",Website Performance Optimization,https://www.udacity.com/course/website-performance-optimization--ud884,",weeks,",
,,1,0,1.0,1,ud808,0.0,0,,School of Programming & Development,"Android, Android Studio, Java",How to Install Android Studio,https://www.udacity.com/course/how-to-install-android-studio--ud808,",day,",
Google,,0,0,8.0,1,ud894,0.0,0,,School of Programming & Development,"Single Page Applications, Building Angular apps, Building Ember apps, Underscore's template function, Backbone events and routing",Front End Frameworks,https://www.udacity.com/course/front-end-frameworks--ud894,",weeks,",
Google,,2,0,3.0,1,ud723,0.0,0,,School of Business,"Prototyping, User Research, inVision",Rapid Prototyping,https://www.udacity.com/course/rapid-prototyping--ud723,",weeks,",
Google,,2,0,2.0,1,ud893,0.0,0,,School of Programming & Development,"Responsive design patterns, Remote debugging and emulation, Optimizing layout, CSS media queries, CSS flexbox",Responsive Web Design Fundamentals,https://www.udacity.com/course/responsive-web-design-fundamentals--ud893,",weeks,",
Google,,2,0,3.0,1,ud892,0.0,0,,School of Programming & Development,"Installing Sublime Text, Installing Plugins, Gulp, Live Editing, ESLint",Web Tooling & Automation,https://www.udacity.com/course/web-tooling-automation--ud892,",weeks,",
,,0,0,16.0,0,ud9876,0.0,1,,School of Autonomous Systems,Georgia Institute of Technology,Cyber-Physical Systems Design & Analysis,https://www.udacity.com/course/cyber-physical-systems-design-analysis--ud9876,",weeks,",
,,1,0,1.0,1,ud595,0.0,0,,School of Programming & Development,"Command line interface (Linux server), Terminal and Shell (GNU Bash), Linux filesystem, Shell commands",Linux Command Line Basics,https://www.udacity.com/course/linux-command-line-basics--ud595,",weeks,",
Nutanix,,2,0,1.0,0,ud0321,0.0,1,,School of Cloud Computing,"Hybrid Cloud, Nutanix, Hyperconverged Infrastructure, Prism web console, Private Cloud, Virtual Machine",Hybrid Cloud Fundamentals,https://www.udacity.com/course/hybrid-cloud-fundamentals--ud0321,",month,",
Microsoft,,1,0,1.0,0,ud091,0.0,1,,School of Programming & Development,"Microsoft Power Platform, Power Apps, Power Automate, Azure AI Builder",Microsoft Power Platform,https://www.udacity.com/course/microsoft-power-platform--ud091,",month,",
,"In this program, you’ll learn foundational data skills, gain an in-depth understanding of Google Analytics and marketing analytics. You’ll learn to analyze data and build models with Excel, Data Studio, and create informative data visualizations with Tableau.",1,5,3.0,0,nd028,251.0,1,93.7849,School of Business,"Google Analytics, Excel & Spreadsheets, Data Visualization, Customer Segmentation",Become a Marketing Analyst,https://www.udacity.com/course/marketing-analytics-nanodegree--nd028,months,60.0
,"In this course you will learn data structures and algorithms by solving 80+ practice problems. You will begin each course by learning to solve defined problems related to a particular data structure and algorithm. By the end of each course, you would be able to evaluate and assess different data structures and algorithms for any open-ended problem and implement a solution based on your design choices.",2,10,4.0,0,nd256,586.0,1,92.62799999999999,School of Programming & Development,"Data Structures and Algorithms, Problem Solving, Interview Practice Problems, Python",Data Structures and Algorithms,https://www.udacity.com/course/data-structures-and-algorithms-nanodegree--nd256,months,160.0
,,1,0,2.0,0,ud080,0.0,1,,School of Cloud Computing,"Cloud Computing,  AWS Console,  Compute Services,  Serverless Architecture,  Cloud Databases",Intro to Cloud Computing,https://www.udacity.com/course/intro-to-cloud-computing--ud080,",months,",
,"You’ll learn the core concepts required to design and develop robots that fly. You’ll work with the quadrotor test platform and our custom flight simulator to implement planning, control, and estimation solutions.",0,15,4.0,0,nd787,190.0,1,91.2632,School of Autonomous Systems,"3D Motion Planning, Controls, Estimation, Kalman Filters",Flying Car and Autonomous Flight Engineer,https://www.udacity.com/course/flying-car-nanodegree--nd787,months,240.0
,"In this Nanodegree program, you'll learn how to build declarative user interfaces for the web with React, and for iOS and Android with React Native. You'll also learn how to manage state more predictably in your applications with Redux.",2,10,4.0,0,nd019,919.0,0,92.8183,School of Programming & Development,"React, Redux, React Native",Become a React Developer,https://www.udacity.com/course/react-nanodegree--nd019,months,160.0
,"You will start by learning the basics of iOS app development using the Swift programming language and Xcode, Apple's development environment. You'll develop your first iOS apps using layouts, views, UIKit, and more. Then, you’ll progress to build more complex and advanced applications, using networking, and Apple’s Grand Central Dispatch and Core Data, and will be ready to publish your capstone project to the App Store.",2,10,6.0,0,nd003,748.0,1,92.3529,School of Programming & Development,"Swift programming, Core Data, UIKit, iOS networking, app publishing, User interfaces, Local Persistence, APIs",Become an iOS Developer,https://www.udacity.com/course/ios-developer-nanodegree--nd003,months,240.0
,"Get hands-on experience by coding five real-world projects. Learn to build a route planner using OpenStreetMap data, write a process monitor for your computer, and implement your own smart pointers. Finally, showcase all your newfound skills by building a multithreaded traffic simulator and coding your own C++ application.",2,10,4.0,0,nd213,629.0,1,90.7154,School of Autonomous Systems,"Data Structures & Algorithms, Memory Management, Concurrency, Object Oriented Programming, C++",Become a C++ Developer,https://www.udacity.com/course/c-plus-plus-nanodegree--nd213,months,160.0
"Unity, Nvidia Deep Learning Institute","Learn cutting-edge deep reinforcement learning algorithms—from Deep Q-Networks (DQN) to Deep Deterministic Policy Gradients (DDPG). Apply these concepts to train agents to walk, drive, or perform other complex tasks, and build a robust portfolio of deep reinforcement learning projects.",0,15,4.0,0,nd893,345.0,1,93.7391,School of Artificial Intelligence,"Reinforcement Learning, Neural Networks, PyTorch, Deep Q-Networks (DQN), Deep Deterministic Policy Gradients (DDPG)",Become a Deep Reinforcement Learning Expert,https://www.udacity.com/course/deep-reinforcement-learning-nanodegree--nd893,months,240.0
WorldQuant,"Learn the basics of quantitative analysis, including data processing, trading signal generation, and portfolio management. Use Python to work with historical stock data, develop trading strategies, and construct a multi-factor model with optimization.",2,10,6.0,0,nd880,465.0,1,91.6989,School of Artificial Intelligence,"Momentum Trading Strategy, Smart Beta, Alpha Factors, Natural Language Processing, Deep Learning, Neural Networks",Artificial Intelligence for Trading,https://www.udacity.com/course/ai-for-trading--nd880,months,240.0
"Alteryx, Tableau",Learn to apply predictive analytics and business intelligence to solve real-world business problems.,1,10,3.0,0,nd008,366.0,0,94.0437,School of Business,"Data Wrangling, Classification, A/B Testing, Forecasting, Segmentation",Predictive Analytics for Business,https://www.udacity.com/course/predictive-analytics-for-business-nanodegree--nd008,months,120.0
"Amazon Alexa, IBM Watson","Learn cutting-edge natural language processing techniques to process speech and analyze text. Build probabilistic and deep learning models, such as hidden Markov models and recurrent neural networks, to teach the computer to do tasks such as speech recognition, machine translation, and more!",0,15,3.0,0,nd892,375.0,1,90.72,School of Artificial Intelligence,"Machine Learning, Speech Recognition, Sentiment Analysis, Machine Translation, Part of Speech Tagging",Become a Natural Language Processing Expert,https://www.udacity.com/course/natural-language-processing-nanodegree--nd892,months,180.0
,"Learn the essential foundations of AI: the programming tools (Python, NumPy, PyTorch), the math (calculus and linear algebra), and the key techniques of neural networks (gradient descent and backpropagation).",1,10,3.0,0,nd089,810.0,1,92.3704,School of Artificial Intelligence,"Python, NumPy, Pandas, Matplotlib, PyTorch",AI Programming with Python,https://www.udacity.com/course/ai-programming-python-nanodegree--nd089,months,120.0
,"Begin your exploration into the world of robotics software engineering with a practical, system-focused approach to programming robots using the ROS framework and C++. In addition, learn and apply robotics software engineering algorithms such as localization, mapping, and navigation.",0,15,4.0,0,nd209,391.0,1,91.0998,School of Autonomous Systems,"C++, ROS, Localization, Mapping, SLAM, Navigation, Path Planning, Robot Operating System, Robotics",Become a Robotics Software Engineer,https://www.udacity.com/course/robotics-software-engineer--nd209,months,240.0
Google,We built this curriculum with Google for aspiring Android developers who are new to programming to ensure that you get the real-world skills you need to know how to build and accelerate your journey towards becoming a professional Android Developer.,1,10,3.0,0,nd803,3045.0,0,96.8407,School of Programming & Development,"Android Development, Java programming, Android Studio, XML layouts, Android Views",Android Basics by Google,https://www.udacity.com/course/android-basics-nanodegree-by-google--nd803,months,120.0
,"Learn to write programs using the foundational AI algorithms powering everything from NASA’s Mars Rover to DeepMind’s AlphaGo Zero. You’ll master Beam Search and Random Hill Climbing, Bayes Networks and Hidden Markov Models, and more.",0,15,3.0,0,nd898,237.0,1,90.7173,School of Artificial Intelligence,"AI Algorithms, Search Algorithms, Optimization, Planning, Pattern Recognition",Expand Your Knowledge of Artificial Intelligence,https://www.udacity.com/course/ai-artificial-intelligence-nanodegree--nd898,months,180.0
,"Learn the fundamentals of the blockchain platform. Create your own private blockchain, and secure a digital asset using blockchain identity. Explore the Ethereum platform, and use Solidity and smart contracts to develop your own decentralized app.",2,10,4.0,0,nd1309,182.0,1,89.1209,School of Programming & Development,"Ethereum Blockchain, Blockchain Architecture, Data Auditing",Become a Blockchain Developer,https://www.udacity.com/course/blockchain-developer-nanodegree--nd1309,months,160.0
"Affectiva, Nvidia Deep Learning Institute","Learn cutting-edge computer vision and deep learning techniques—from basic image processing, to building and customizing convolutional neural networks. Apply these concepts to vision tasks such as automatic image captioning and object tracking, and build a robust portfolio of computer vision projects.",0,15,3.0,0,nd891,582.0,1,93.2646,School of Artificial Intelligence,"Convolutional Neural Networks (CNN), Recurrent Neural Networks (RNN), Simultaneous Localization and Mapping (SLAM), Object Tracking, Image Classification, Deep Learning",Become a Computer Vision Expert,https://www.udacity.com/course/computer-vision-nanodegree--nd891,months,180.0
,"In this program, you’ll sharpen your Python skills, apply C++, apply matrices and calculus in code, and touch on computer vision and machine learning. These concepts will be applied to solving self-driving car problems. At the end, you’ll be ready for our Self-Driving Car Engineer Nanodegree program!",2,10,4.0,0,nd113,597.0,0,93.3333,School of Autonomous Systems,"Computer Vision, Machine Learning, Vehicle Motion, Control",Intro to Self-Driving Cars,https://www.udacity.com/course/intro-to-self-driving-cars--nd113,months,160.0
,"Start by learning the fundamentals of cloud development and deployment with AWS. Then, build different apps leveraging microservices, Kubernetes clusters, and serverless application technology. ",2,10,4.0,0,nd9990,502.0,1,88.24700000000001,School of Cloud Computing,"AWS, Microservices, Serverless Architecture, Kubernetes",Become a Cloud Developer,https://www.udacity.com/course/cloud-developer-nanodegree--nd9990,months,160.0
Mercedes-Benz,"Learn to detect obstacles in lidar point clouds through clustering and segmentation, apply thresholds and filters to radar data in order to accurately track objects, and augment your perception by projecting camera images into three dimensions and fusing these projections with other sensor data. Combine this sensor data with Kalman filters to perceive the world around a vehicle and track objects over time.",0,10,4.0,0,nd313,198.0,1,95.0505,School of Autonomous Systems,"Perception, Lidar, Radar, Sensors, Computer Vision",Become a Sensor Fusion Engineer,https://www.udacity.com/course/sensor-fusion-engineer-nanodegree--nd313,months,160.0
Appen,"You’ll learn how to evaluate the business value of an AI product. You’ll start by building familiarity and fluency with common AI concepts. You’ll then learn how to scope and build a data set, train a model, and evaluate its business impact. Finally, you’ll learn how to ensure a product is successful by focusing on scalability, potential biases, and compliance. 

Along the way, you’ll review case studies and examples to help you focus on how to define metrics to measure the business value for a proposed product. ",1,10,2.0,0,nd088,368.0,1,85.8696,School of Artificial Intelligence,"AI Products, Training ML Models, Annotating Datasets, Prototyping a Product",Become an AI Product Manager,https://www.udacity.com/course/ai-product-manager-nanodegree--nd088,months,80.0
"Tableau, Mode","In this program, you’ll learn foundational data skills that apply across functions and industries. You’ll learn to analyze data and build models with Excel, query databases using SQL, and create informative data visualizations with Tableau.",1,10,3.0,0,nd098,1093.0,1,94.9314,School of Business,"Excel & Spreadsheets, SQL, Data Visualization, Data Dashboards",Business Analytics,https://www.udacity.com/course/business-analytics-nanodegree--nd098,months,120.0
,"Learn to design and deploy infrastructure as code, build and monitor CI/CD pipelines for different deployment strategies, and deploy scalable microservices using Kubernetes. At the end of the program, you’ll combine your new skills by completing a capstone project.",2,10,4.0,0,nd9991,465.0,1,91.5699,School of Cloud Computing,"AWS, Configuration Management with Ansible, Continuous Integration / Continuous Deployment, Microservices with Kubernetes, CloudFormation",Become a Cloud Dev Ops Engineer,https://www.udacity.com/course/cloud-dev-ops-nanodegree--nd9991,months,160.0
"Kaggle, AWS","Learn foundational machine learning algorithms, starting with data cleaning and supervised models. Then, move on to exploring deep and unsupervised learning. At each step, get practical experience by applying your skills to code exercises and projects.
",2,10,3.0,0,nd229,331.0,1,94.8036,School of Artificial Intelligence,"Introduction to Machine Learning, Supervised Learning, Deep Learning, Unsupervised Learning",Intro to Machine Learning with PyTorch,https://www.udacity.com/course/intro-to-machine-learning-nanodegree--nd229,months,120.0
,"You’ll start by building data visualizations and dashboards, considering your audiences to be as effective as possible. Then, you’ll move into drafting presentations using storytelling techniques, visualizations, and animations to provide data-driven recommendations. ",1,10,4.0,0,nd197,136.0,1,93.5294,School of Data Science,"Data Visualization, Tableau, Dashboards, Data Storytelling",Data Visualization,https://www.udacity.com/course/data-visualization-nanodegree--nd197,months,160.0
,"Learn how to process data in real-time by building fluency in modern data engineering tools, such as Apache Spark, Kafka, Spark Streaming, and Kafka Streaming.

You’ll start by understanding the components of data streaming systems. You’ll then build a real-time analytics application. Students will also compile data and run analytics, as well as draw insights from reports generated by the streaming console.",0,10,2.0,0,nd029,130.0,1,83.0769,School of Data Science,"Data Streaming, Spark, Kafka, Kafka Streaming, Spark Streaming",Data Streaming ,https://www.udacity.com/course/data-streaming-nanodegree--nd029,months,80.0
,"Learn back-end development with the Java programming language, one of the most popular programming languages in the world and one a majority of large enterprises rely on for their infrastructure.  ",2,10,4.0,0,nd035,128.0,1,83.9063,School of Programming & Development,"Java, Spring Boot, Rest API, MySQL, MongoDB",Become a Java Web Developer,https://www.udacity.com/course/java-developer-nanodegree--nd035,months,160.0
Mode,"Learn the programming fundamentals required for a career in data science. By the end of the program, you will be able to use R, SQL, Command Line, and Git.",1,10,3.0,0,nd118,51.0,1,94.5098,School of Data Science,"R, SQL, Git",Programming for Data Science with R,https://www.udacity.com/course/programming-for-data-science-nanodegree-with-R--nd118,months,120.0
,"The goal of the Front End Web Developer Nanodegree program is to equip learners with the unique skills they need to build and develop a variety of websites and applications. Graduates of this Nanodegree program will be able to construct responsive websites using CSS, Flexbox and CSS Grid, develop interactive websites and UI (User Interface) applications using JavaScript and HTML, and connect a web application to backend server data using JavaScript. Students will also build competency automating application build and deployment using Webpack and improving offline performance of websites using Service Worker.",2,10,4.0,0,nd0011,784.0,1,93.1122,School of Programming & Development,"JavaScript, HTML, CSS, Webpack, Flexbox, Node, Object-Oriented Programming",Front End Web Developer,https://www.udacity.com/course/front-end-web-developer-nanodegree--nd0011,months,160.0
"Kaggle, AWS","Learn foundational machine learning algorithms, starting with data cleaning and supervised models. Then, move on to exploring deep and unsupervised learning. At each step, get practical experience by applying your skills to code exercises and projects.
",2,10,3.0,0,nd230,243.0,1,93.4979,School of Artificial Intelligence,"TensorFlow, Deep Learning, scikit-learn, Supervised Learning, Unsupervised Learning",Intro to Machine Learning with TensorFlow,https://www.udacity.com/course/intro-to-machine-learning-with-tensorflow-nanodegree--nd230,months,120.0
BMW,"You’ll develop foundational technical knowledge of machine learning and the business applications of artificial intelligence across industries. Through practical case studies, you’ll learn what strategic questions to ask, and how to formulate proposals when evaluating opportunities to embed machine learning processes and artificial intelligence technology into a corporate strategy. Finally, in the capstone project, you will build an AI-backed strategy that can be integrated into your own business.",2,5,4.0,0,nd054,0.0,1,,School of Business,"Artificial Intelligence, Machine Learning, Business Strategy, Data Labeling, Data Modeling",AI for Business Leaders,https://www.udacity.com/course/ai-for-business-leaders--nd054,weeks,20.0
,"The goal of the Full Stack Web Developer Nanodegree program is to equip learners with the unique skills they need to build database-backed APIs and web applications. A graduate of this program will be able to design and build databases for software applications, create and deploy database-backed web APIs, and secure and manage user authentication and access control for an application backend. Students will also learn how to deploy a Flask-based web application to the cloud using Docker and Kubernetes.",2,10,4.0,0,nd0044,492.0,1,90.935,School of Programming & Development,"Python, JavaScript, PostgreSQL, Flask, Docker, Kubernetes",Full Stack Web Developer,https://www.udacity.com/course/full-stack-web-developer-nanodegree--nd0044,months,160.0
,"Play a critical role in an organization’s cloud computing strategy as an AWS Cloud Architect. Learn to plan, design, and implement secure cloud infrastructure in AWS at scale. Begin by designing and building high availability infrastructure, and then move on to building scalable, secure, and cost-optimized architecture. Finally, explore and execute best practices and strategies around securing access to cloud services and infrastructure. 

",0,10,3.0,0,nd063,111.0,1,94.5946,School of Cloud Computing,"Cloud Infrastructure, Cloud Security, AWS, CloudFormation, High Availability Infrastructure, Serverless Computing",Become an AWS Cloud Architect,https://www.udacity.com/course/aws-cloud-architect-nanodegree--nd063,months,120.0
,"Product Managers are responsible for designing and delivering a profitable product or feature into the market. In this program, you will learn to define product strategy and KPIs based on market analysis, pitch a product vision to get stakeholder buy-in, and design a user-centered prototype that adheres to engineering constraints. Then, you will develop an execution timeline that handles competing priorities, communicate a product roadmap that builds consensus amongst internal stakeholders, and create a comprehensive go-to-market plan based on product KPIs. Finally, you will build tests to enhance product features based on market data.
",1,10,4.0,0,nd036,394.0,1,92.9442,School of Business,"Product Strategy, Product Design, Product Development, Design Sprint, Product Launch",Become a Product Manager,https://www.udacity.com/course/product-manager-nanodegree--nd036,months,160.0
Intel,"Leverage the Intel® Distribution of OpenVINO™ Toolkit to fast-track development of high-performance computer vision and deep learning inference applications, and run pre-trained deep learning models for computer vision on-premise. You will identify key hardware specifications of various hardware types (CPU, VPU, FPGA, and Integrated GPU), and utilize the Intel® DevCloud for the Edge to test model performance on the various hardware types. Finally, you will use software tools to optimize deep learning models to improve performance of Edge AI systems. ",0,10,3.0,0,nd131,224.0,1,93.9286,School of Artificial Intelligence,"Edge AI, Computer Vision, Deep Learning, Edge Computing, AI Modeling, Deep Neural Networks (DNN), Convolutional Neural Networks (CNN), IoT, Intel® Distribution of OpenVINO™ Toolkit, Intel® DevCloud for the Edge",Intel® Edge AI for IoT Developers,https://www.udacity.com/course/intel-edge-ai-for-iot-developers-nanodegree--nd131,months,120.0
,"During the Growth Product Manager Nanodegree program, you will learn to build acquisition funnels, identify core customers, and optimize growth loop models. Then, you will learn how to analyze your results and make improvements to your strategies. Next, you will learn activation theories on how to decrease time-to-value and friction for both B2C and B2B product users, as well as retention theories, for creating audiences and increasing engagement. Finally, you will learn the ins and outs of monetization, from designing pricing plans to determining optimal price points using pricing metrics.",2,10,3.0,0,nd037,0.0,1,,School of Business,"Product Management, Growth Strategy, Customer Acquisition, Activation Strategy, Monetization Strategy, Performance Optimization",Become a Growth Product Manager,https://www.udacity.com/course/growth-product-manager-nanodegree--nd037,months,120.0
,"Learn to build, evaluate, and integrate predictive models that have the power to transform patient outcomes.  Begin by classifying and segmenting 2D and 3D medical images to augment diagnosis and then move on to modeling patient outcomes with electronic health records to optimize clinical trial testing decisions. Finally, build an algorithm that uses data collected from wearable devices to estimate the wearer’s pulse rate in the presence of motion.",0,15,4.0,0,nd320,82.0,1,90.7317,School of Artificial Intelligence,"Artificial Intelligence, 2D Medical Imaging, 3D Medical Imaging, Electronic Health Record Data, Deep Learning, Wearable Device Data, Supervised Learning",AI for Healthcare,https://www.udacity.com/course/ai-for-healthcare-nanodegree--nd320,months,240.0
,"You’ll learn how to create a digital user experience that is ready to be handed off for development. You’ll start by building familiarity and fluency with design research fundamentals to identify the user and the solutions they need. You’ll then synthesize your research, and use design sprints to take an idea from concept to low-fidelity prototype. Finally, you’ll learn how to turn your low-fidelity prototype into a high-fidelity design, and improve its performance based on data.

Along the way, you’ll complete projects that can be incorporated into a UX portfolio at the end of the program in order to showcase your capabilities to future employers.",1,10,3.0,0,nd578,591.0,1,94.2809,School of Business,"User Research, User Experience, Prototyping, Interactive Design, User Interface Design, Usability Testing",Become a UX Designer,https://www.udacity.com/course/ux-designer-nanodegree--nd578,months,120.0
Insight,"Learn to design data models, build data warehouses and data lakes, automate data pipelines, and work with massive datasets. At the end of the program, you’ll combine your new skills by completing a capstone project.",2,10,5.0,0,nd027,822.0,1,91.2409,School of Data Science,"Data Modeling, Data Pipelines, Data Lakes, Spark, Airflow",Become a Data Engineer,https://www.udacity.com/course/data-engineer-nanodegree--nd027,months,200.0
"Bertelsmann, Figure Eight, IBM Watson, Insight, Kaggle, Starbucks","You’ll master the skills necessary to become a successful Data Scientist. You’ll work on projects designed by industry experts, and learn to run data pipelines, design experiments, build recommendation systems, and deploy solutions to the cloud.
",0,10,4.0,0,nd025,688.0,1,93.2558,School of Data Science,"Machine Learning, Deep Learning, Software Engineering",Become a Data Scientist,https://www.udacity.com/course/data-scientist-nanodegree--nd025,months,160.0
"AWS, Facebook Artificial Intelligence","Become an expert in neural networks, and learn to implement them using the deep learning framework PyTorch. Build convolutional networks for image recognition, recurrent networks for sequence generation, generative adversarial networks for image generation, and learn how to deploy models accessible from a website.",2,12,4.0,0,nd101,2840.0,0,93.2676,School of Artificial Intelligence,"Deep Learning, Neural Networks, Jupyter Notebooks, CNNs, GANs",Deep Learning,https://www.udacity.com/course/deep-learning-nanodegree--nd101,months,192.0
,"Learn the basics of programming through HTML, CSS, and Python. Explore possible programming paths with our final project selection. Get confident in your ability to think and problem-solve like a programmer. Be primed and ready for our career-ready programs after mastering these projects.",1,10,4.0,0,nd000,2975.0,0,93.5597,School of Programming & Development,"Introduction to Programming, HTML, CSS, Python",Learn to Code,https://www.udacity.com/course/intro-to-programming-nanodegree--nd000,months,160.0
"Kaggle, AWS","Learn advanced machine learning techniques and algorithms and how to package and deploy your models to a production environment. Gain practical experience using Amazon SageMaker to deploy trained models to a web application and evaluate the performance of your models. A/B test models and learn how to update the models as you gather more data, an important skill in industry. ",2,10,3.0,0,nd009t,726.0,0,91.9284,School of Artificial Intelligence,"Machine Learning, Supervised Learning, Unsupervised Learning, Deep Learning",Become a Machine Learning Engineer,https://www.udacity.com/course/machine-learning-engineer-nanodegree--nd009t,months,120.0
"Google, Hootsuite, HubSpot, MailChimp, Moz, Facebook","Learn to create marketing content, use social media to amplify your message, make content discoverable in search, run Ads campaigns and advertise on Facebook. Additionally, learn how display and video ads work and how to market with email, and measure and optimize with Google Analytics.",1,10,3.0,0,nd018,1675.0,0,93.9104,School of Business,"Digital Marketing, Social Media Marketing, Facebook Marketing, Search Engine Optimization, Search Engine Marketing, Display Ads, Search Ads",Become a Digital Marketer,https://www.udacity.com/course/digital-marketing-nanodegree--nd018,months,120.0
